<?xml version="1.0" encoding="UTF-8"?>
<project-private xmlns="http://www.netbeans.org/ns/project-private/1">
    <editor-bookmarks xmlns="http://www.netbeans.org/ns/editor-bookmarks/2" lastBookmarkId="0"/>
    <open-files xmlns="http://www.netbeans.org/ns/projectui-open-files/2">
        <group>
            <file>file:/home/sbrandt/NetBeansProjects/BasicGraphics/src/basicflyer/Falcon.java</file>
            <file>file:/home/sbrandt/NetBeansProjects/BasicGraphics/src/basicshooter/Enemy.java</file>
            <file>file:/home/sbrandt/NetBeansProjects/BasicGraphics/src/basicshooter/Bullet.java</file>
            <file>file:/home/sbrandt/NetBeansProjects/BasicGraphics/src/basicgraphics/calculator/Calculator.java</file>
            <file>file:/home/sbrandt/NetBeansProjects/BasicGraphics/src/basicgraphics/ErrorComponent.java</file>
            <file>file:/home/sbrandt/NetBeansProjects/BasicGraphics/src/walkthedog/WalkDog.java</file>
            <file>file:/home/sbrandt/NetBeansProjects/BasicGraphics/src/lunarlander/LunarLander.java</file>
            <file>file:/home/sbrandt/NetBeansProjects/BasicGraphics/src/basicgraphics/SpriteComponent.java</file>
            <file>file:/home/sbrandt/NetBeansProjects/BasicGraphics/src/basicgraphics/TaskRunner.java</file>
            <file>file:/home/sbrandt/NetBeansProjects/BasicGraphics/src/basicflyer/Flyer.java</file>
            <file>file:/home/sbrandt/NetBeansProjects/BasicGraphics/src/basicshooter/Shooter.java</file>
            <file>file:/home/sbrandt/NetBeansProjects/BasicGraphics/src/basicgraphics/CollisionState.java</file>
            <file>file:/home/sbrandt/NetBeansProjects/BasicGraphics/src/basicgraphics/KeyWrapper.java</file>
            <file>file:/home/sbrandt/NetBeansProjects/BasicGraphics/src/basicgraphics/MouseWrapper.java</file>
            <file>file:/home/sbrandt/NetBeansProjects/BasicGraphics/src/basicgraphics/images/Picture.java</file>
            <file>file:/home/sbrandt/NetBeansProjects/BasicGraphics/src/basicgraphics/GuiException.java</file>
            <file>file:/home/sbrandt/NetBeansProjects/BasicGraphics/src/basicgraphics/SpriteCollisionEvent.java</file>
            <file>file:/home/sbrandt/NetBeansProjects/BasicGraphics/src/basicgraphics/BasicFrame.java</file>
            <file>file:/home/sbrandt/NetBeansProjects/BasicGraphics/src/basicflyer/Plasma.java</file>
            <file>file:/home/sbrandt/NetBeansProjects/BasicGraphics/src/basicgraphics/Sprite.java</file>
            <file>file:/home/sbrandt/NetBeansProjects/BasicGraphics/src/basicshooter/Game.java</file>
            <file>file:/home/sbrandt/NetBeansProjects/BasicGraphics/src/basicgraphics/examples/BasicGraphics.java</file>
            <file>file:/home/sbrandt/NetBeansProjects/BasicGraphics/src/basicgraphics/sounds/ReusableClip.java</file>
            <file>file:/home/sbrandt/NetBeansProjects/BasicGraphics/src/basicgraphics/CollisionEventType.java</file>
            <file>file:/home/sbrandt/NetBeansProjects/BasicGraphics/src/basicgraphics/BasicLayoutException.java</file>
        </group>
    </open-files>
</project-private>
